x_bin,y_bin,z_mean,count,x_center,y_center
"(-0.001, 0.0714]","(-0.001, 0.1]",0.02693981780287462,327,0.0352,0.0495
"(-0.001, 0.0714]","(0.1, 0.2]",0.026572004727559998,425,0.0352,0.15000000000000002
"(-0.001, 0.0714]","(0.2, 0.3]",0.019916848328504533,662,0.0352,0.25
"(-0.001, 0.0714]","(0.3, 0.4]",0.021513886040288203,517,0.0352,0.35
"(-0.001, 0.0714]","(0.4, 0.5]",0.02617751466585915,213,0.0352,0.45
"(-0.001, 0.0714]","(0.5, 0.6]",0.03705781960884615,182,0.0352,0.55
"(-0.001, 0.0714]","(0.6, 0.7]",0.04236861196608696,115,0.0352,0.6499999999999999
"(-0.001, 0.0714]","(0.7, 0.8]",0.03964888260420382,157,0.0352,0.75
"(-0.001, 0.0714]","(0.8, 0.9]",0.03834470753703703,54,0.0352,0.8500000000000001
"(-0.001, 0.0714]","(0.9, 1.0]",,6,0.0352,0.95
"(0.0714, 0.143]","(-0.001, 0.1]",0.02984828148979592,98,0.10719999999999999,0.0495
"(0.0714, 0.143]","(0.1, 0.2]",0.02259710792964824,199,0.10719999999999999,0.15000000000000002
"(0.0714, 0.143]","(0.2, 0.3]",0.022367356952380953,231,0.10719999999999999,0.25
"(0.0714, 0.143]","(0.3, 0.4]",0.029544367456410255,195,0.10719999999999999,0.35
"(0.0714, 0.143]","(0.4, 0.5]",0.022269088416666666,144,0.10719999999999999,0.45
"(0.0714, 0.143]","(0.5, 0.6]",0.03717455890476191,63,0.10719999999999999,0.55
"(0.0714, 0.143]","(0.6, 0.7]",0.027593877375,88,0.10719999999999999,0.6499999999999999
"(0.0714, 0.143]","(0.7, 0.8]",0.040392640298245616,57,0.10719999999999999,0.75
"(0.0714, 0.143]","(0.8, 0.9]",,8,0.10719999999999999,0.8500000000000001
"(0.0714, 0.143]","(0.9, 1.0]",,2,0.10719999999999999,0.95
"(0.143, 0.214]","(-0.001, 0.1]",0.05780941505797101,69,0.1785,0.0495
"(0.143, 0.214]","(0.1, 0.2]",0.03406671421428571,56,0.1785,0.15000000000000002
"(0.143, 0.214]","(0.2, 0.3]",0.027150013644067796,118,0.1785,0.25
"(0.143, 0.214]","(0.3, 0.4]",0.028692251106060607,66,0.1785,0.35
"(0.143, 0.214]","(0.4, 0.5]",0.0601594620967742,62,0.1785,0.45
"(0.143, 0.214]","(0.5, 0.6]",0.07308941775862068,29,0.1785,0.55
"(0.143, 0.214]","(0.6, 0.7]",0.067256306,31,0.1785,0.6499999999999999
"(0.143, 0.214]","(0.7, 0.8]",0.045497061825000004,40,0.1785,0.75
"(0.143, 0.214]","(0.8, 0.9]",,12,0.1785,0.8500000000000001
"(0.143, 0.214]","(0.9, 1.0]",,1,0.1785,0.95
"(0.214, 0.286]","(-0.001, 0.1]",0.056625375822222226,45,0.25,0.0495
"(0.214, 0.286]","(0.1, 0.2]",0.078550567,15,0.25,0.15000000000000002
"(0.214, 0.286]","(0.2, 0.3]",0.08412868879999999,30,0.25,0.25
"(0.214, 0.286]","(0.3, 0.4]",0.088543928,24,0.25,0.35
"(0.214, 0.286]","(0.4, 0.5]",0.1172688934516129,31,0.25,0.45
"(0.214, 0.286]","(0.5, 0.6]",0.14780288138095238,21,0.25,0.55
"(0.214, 0.286]","(0.6, 0.7]",,9,0.25,0.6499999999999999
"(0.214, 0.286]","(0.7, 0.8]",,14,0.25,0.75
"(0.214, 0.286]","(0.8, 0.9]",,4,0.25,0.8500000000000001
"(0.214, 0.286]","(0.9, 1.0]",,0,0.25,0.95
"(0.286, 0.357]","(-0.001, 0.1]",0.04477107872222222,36,0.3215,0.0495
"(0.286, 0.357]","(0.1, 0.2]",0.01642605606837607,117,0.3215,0.15000000000000002
"(0.286, 0.357]","(0.2, 0.3]",0.05784605791111111,45,0.3215,0.25
"(0.286, 0.357]","(0.3, 0.4]",0.079570508575,40,0.3215,0.35
"(0.286, 0.357]","(0.4, 0.5]",0.13302518866666665,21,0.3215,0.45
"(0.286, 0.357]","(0.5, 0.6]",,14,0.3215,0.55
"(0.286, 0.357]","(0.6, 0.7]",,9,0.3215,0.6499999999999999
"(0.286, 0.357]","(0.7, 0.8]",0.05284331380952381,21,0.3215,0.75
"(0.286, 0.357]","(0.8, 0.9]",,2,0.3215,0.8500000000000001
"(0.286, 0.357]","(0.9, 1.0]",,0,0.3215,0.95
"(0.357, 0.429]","(-0.001, 0.1]",,8,0.393,0.0495
"(0.357, 0.429]","(0.1, 0.2]",0.01952291730769231,78,0.393,0.15000000000000002
"(0.357, 0.429]","(0.2, 0.3]",0.028030795207920792,101,0.393,0.25
"(0.357, 0.429]","(0.3, 0.4]",0.06190551279999999,25,0.393,0.35
"(0.357, 0.429]","(0.4, 0.5]",0.11484052455555556,27,0.393,0.45
"(0.357, 0.429]","(0.5, 0.6]",0.21107526495,20,0.393,0.55
"(0.357, 0.429]","(0.6, 0.7]",0.1869099082,15,0.393,0.6499999999999999
"(0.357, 0.429]","(0.7, 0.8]",,7,0.393,0.75
"(0.357, 0.429]","(0.8, 0.9]",,5,0.393,0.8500000000000001
"(0.357, 0.429]","(0.9, 1.0]",,0,0.393,0.95
"(0.429, 0.5]","(-0.001, 0.1]",,8,0.4645,0.0495
"(0.429, 0.5]","(0.1, 0.2]",,7,0.4645,0.15000000000000002
"(0.429, 0.5]","(0.2, 0.3]",0.06923098370588235,17,0.4645,0.25
"(0.429, 0.5]","(0.3, 0.4]",0.04080711131578948,38,0.4645,0.35
"(0.429, 0.5]","(0.4, 0.5]",0.049062115714285724,21,0.4645,0.45
"(0.429, 0.5]","(0.5, 0.6]",,10,0.4645,0.55
"(0.429, 0.5]","(0.6, 0.7]",,14,0.4645,0.6499999999999999
"(0.429, 0.5]","(0.7, 0.8]",,9,0.4645,0.75
"(0.429, 0.5]","(0.8, 0.9]",,1,0.4645,0.8500000000000001
"(0.429, 0.5]","(0.9, 1.0]",,0,0.4645,0.95
"(0.5, 0.571]","(-0.001, 0.1]",0.026999117222222233,18,0.5355,0.0495
"(0.5, 0.571]","(0.1, 0.2]",,6,0.5355,0.15000000000000002
"(0.5, 0.571]","(0.2, 0.3]",0.017899230606060603,33,0.5355,0.25
"(0.5, 0.571]","(0.3, 0.4]",0.02667813701492538,67,0.5355,0.35
"(0.5, 0.571]","(0.4, 0.5]",0.034126435380000014,50,0.5355,0.45
"(0.5, 0.571]","(0.5, 0.6]",0.07985028592592593,27,0.5355,0.55
"(0.5, 0.571]","(0.6, 0.7]",0.05187536194444445,36,0.5355,0.6499999999999999
"(0.5, 0.571]","(0.7, 0.8]",,4,0.5355,0.75
"(0.5, 0.571]","(0.8, 0.9]",,3,0.5355,0.8500000000000001
"(0.5, 0.571]","(0.9, 1.0]",,0,0.5355,0.95
"(0.571, 0.643]","(-0.001, 0.1]",0.023832487000000003,80,0.607,0.0495
"(0.571, 0.643]","(0.1, 0.2]",0.03552260958333333,24,0.607,0.15000000000000002
"(0.571, 0.643]","(0.2, 0.3]",,12,0.607,0.25
"(0.571, 0.643]","(0.3, 0.4]",0.02102763867924528,53,0.607,0.35
"(0.571, 0.643]","(0.4, 0.5]",0.026674595319148953,47,0.607,0.45
"(0.571, 0.643]","(0.5, 0.6]",0.023351444027777776,72,0.607,0.55
"(0.571, 0.643]","(0.6, 0.7]",0.022140915915492963,71,0.607,0.6499999999999999
"(0.571, 0.643]","(0.7, 0.8]",0.06921462656249999,32,0.607,0.75
"(0.571, 0.643]","(0.8, 0.9]",,7,0.607,0.8500000000000001
"(0.571, 0.643]","(0.9, 1.0]",,0,0.607,0.95
"(0.643, 0.714]","(-0.001, 0.1]",0.02252972844444444,45,0.6785,0.0495
"(0.643, 0.714]","(0.1, 0.2]",0.014128933582089567,67,0.6785,0.15000000000000002
"(0.643, 0.714]","(0.2, 0.3]",0.015609358404255312,94,0.6785,0.25
"(0.643, 0.714]","(0.3, 0.4]",0.018086442019230767,104,0.6785,0.35
"(0.643, 0.714]","(0.4, 0.5]",0.026911522000000004,50,0.6785,0.45
"(0.643, 0.714]","(0.5, 0.6]",0.03305769124999999,40,0.6785,0.55
"(0.643, 0.714]","(0.6, 0.7]",0.0863673527777778,18,0.6785,0.6499999999999999
"(0.643, 0.714]","(0.7, 0.8]",,9,0.6785,0.75
"(0.643, 0.714]","(0.8, 0.9]",,0,0.6785,0.8500000000000001
"(0.643, 0.714]","(0.9, 1.0]",,0,0.6785,0.95
"(0.714, 0.786]","(-0.001, 0.1]",,6,0.75,0.0495
"(0.714, 0.786]","(0.1, 0.2]",0.011002976304347833,46,0.75,0.15000000000000002
"(0.714, 0.786]","(0.2, 0.3]",,11,0.75,0.25
"(0.714, 0.786]","(0.3, 0.4]",0.027472093999999996,20,0.75,0.35
"(0.714, 0.786]","(0.4, 0.5]",0.061591519,30,0.75,0.45
"(0.714, 0.786]","(0.5, 0.6]",0.03219727086956524,23,0.75,0.55
"(0.714, 0.786]","(0.6, 0.7]",,12,0.75,0.6499999999999999
"(0.714, 0.786]","(0.7, 0.8]",0.014994746875000006,16,0.75,0.75
"(0.714, 0.786]","(0.8, 0.9]",,10,0.75,0.8500000000000001
"(0.714, 0.786]","(0.9, 1.0]",,1,0.75,0.95
"(0.786, 0.857]","(-0.001, 0.1]",,2,0.8215,0.0495
"(0.786, 0.857]","(0.1, 0.2]",0.006360918780487805,41,0.8215,0.15000000000000002
"(0.786, 0.857]","(0.2, 0.3]",0.009912537380952385,42,0.8215,0.25
"(0.786, 0.857]","(0.3, 0.4]",0.014012885277777795,36,0.8215,0.35
"(0.786, 0.857]","(0.4, 0.5]",0.028450459090909094,22,0.8215,0.45
"(0.786, 0.857]","(0.5, 0.6]",0.013143770298507461,67,0.8215,0.55
"(0.786, 0.857]","(0.6, 0.7]",0.011762816097560976,41,0.8215,0.6499999999999999
"(0.786, 0.857]","(0.7, 0.8]",0.022242846,15,0.8215,0.75
"(0.786, 0.857]","(0.8, 0.9]",,1,0.8215,0.8500000000000001
"(0.786, 0.857]","(0.9, 1.0]",,0,0.8215,0.95
"(0.857, 0.929]","(-0.001, 0.1]",,0,0.893,0.0495
"(0.857, 0.929]","(0.1, 0.2]",,8,0.893,0.15000000000000002
"(0.857, 0.929]","(0.2, 0.3]",0.012113844358974361,78,0.893,0.25
"(0.857, 0.929]","(0.3, 0.4]",0.013210035945945942,37,0.893,0.35
"(0.857, 0.929]","(0.4, 0.5]",,6,0.893,0.45
"(0.857, 0.929]","(0.5, 0.6]",0.020939963750000002,24,0.893,0.55
"(0.857, 0.929]","(0.6, 0.7]",,12,0.893,0.6499999999999999
"(0.857, 0.929]","(0.7, 0.8]",,1,0.893,0.75
"(0.857, 0.929]","(0.8, 0.9]",,0,0.893,0.8500000000000001
"(0.857, 0.929]","(0.9, 1.0]",,0,0.893,0.95
"(0.929, 1.0]","(-0.001, 0.1]",,0,0.9645,0.0495
"(0.929, 1.0]","(0.1, 0.2]",,0,0.9645,0.15000000000000002
"(0.929, 1.0]","(0.2, 0.3]",,11,0.9645,0.25
"(0.929, 1.0]","(0.3, 0.4]",,7,0.9645,0.35
"(0.929, 1.0]","(0.4, 0.5]",,3,0.9645,0.45
"(0.929, 1.0]","(0.5, 0.6]",,8,0.9645,0.55
"(0.929, 1.0]","(0.6, 0.7]",0.025443492499999998,16,0.9645,0.6499999999999999
"(0.929, 1.0]","(0.7, 0.8]",,5,0.9645,0.75
"(0.929, 1.0]","(0.8, 0.9]",,0,0.9645,0.8500000000000001
"(0.929, 1.0]","(0.9, 1.0]",,0,0.9645,0.95
