coverage,retained_n,retained_mae,retained_rmse,method,risk_col
0.1,686,0.01701611661778426,0.034730964890346314,Raw MC,raw_mc_width
0.15000000000000002,1029,0.017712100219067058,0.03441308816098163,Raw MC,raw_mc_width
0.2,1372,0.018513953477939507,0.035630468574981436,Raw MC,raw_mc_width
0.25,1716,0.01969081609530944,0.03840640369324582,Raw MC,raw_mc_width
0.30000000000000004,2059,0.020391964650627006,0.043320828140494025,Raw MC,raw_mc_width
0.35,2402,0.02054257685766861,0.04268061488912823,Raw MC,raw_mc_width
0.4,2745,0.020948507428418944,0.043372230438204804,Raw MC,raw_mc_width
0.45000000000000007,3088,0.021341571405825776,0.043510192369682996,Raw MC,raw_mc_width
0.5,3432,0.02215867098995921,0.04448661349953052,Raw MC,raw_mc_width
0.55,3775,0.022965968747904637,0.04538197209089959,Raw MC,raw_mc_width
0.6,4118,0.023781622617588632,0.046396074819210216,Raw MC,raw_mc_width
0.65,4461,0.02461091920815512,0.04790786305653417,Raw MC,raw_mc_width
0.7000000000000001,4804,0.025504684133249376,0.04958606321391888,Raw MC,raw_mc_width
0.75,5148,0.0263627248583819,0.05049241343168301,Raw MC,raw_mc_width
0.8,5491,0.027790600831442358,0.053122101362054426,Raw MC,raw_mc_width
0.85,5834,0.0292583307666181,0.056358424542863515,Raw MC,raw_mc_width
0.9,6177,0.030392969069005994,0.05808394897527415,Raw MC,raw_mc_width
0.9500000000000001,6520,0.03168962107141871,0.05952167181579073,Raw MC,raw_mc_width
1.0,6864,0.03395800975354749,0.06399190454009,Raw MC,raw_mc_width
0.1,686,0.011604298303498541,0.01874268393887811,Split CP,split_width
0.15000000000000002,1029,0.013472110557249756,0.022518276874150468,Split CP,split_width
0.2,1372,0.015806227497843293,0.03157421427150372,Split CP,split_width
0.25,1716,0.01882199004018648,0.04396842106473893,Split CP,split_width
0.30000000000000004,2059,0.0215805549663526,0.04689549104266198,Split CP,split_width
0.35,2402,0.024280644059313072,0.04975864964591813,Split CP,split_width
0.4,2745,0.02589041132366849,0.05215334912873157,Split CP,split_width
0.45000000000000007,3088,0.026124242657762305,0.05275122122630787,Split CP,split_width
0.5,3432,0.025916676738685893,0.05204362868083943,Split CP,split_width
0.55,3775,0.02708250681058808,0.05379183937955897,Split CP,split_width
0.6,4118,0.02919058605735066,0.05718835582625889,Split CP,split_width
0.65,4461,0.030825416148681915,0.05953141773568848,Split CP,split_width
0.7000000000000001,4804,0.03155099920167986,0.06015806609989849,Split CP,split_width
0.75,5148,0.032819333924508545,0.06242597105858637,Split CP,split_width
0.8,5491,0.0338644927114114,0.06409132132130277,Split CP,split_width
0.85,5834,0.03507783268583476,0.06610724299331659,Split CP,split_width
0.9,6177,0.03581203678296098,0.06679656946517878,Split CP,split_width
0.9500000000000001,6520,0.03481391546293712,0.06531063532952036,Split CP,split_width
1.0,6864,0.03395800975354749,0.06399190454009,Split CP,split_width
0.1,686,0.01609268106413994,0.026246556549754458,Pred-L-Mondrian CP,pred_l_mondrian_width
0.15000000000000002,1029,0.015645380561904763,0.025644243176095396,Pred-L-Mondrian CP,pred_l_mondrian_width
0.2,1372,0.015959282913119533,0.026302508682911955,Pred-L-Mondrian CP,pred_l_mondrian_width
0.25,1716,0.014767978052954548,0.024228760672935626,Pred-L-Mondrian CP,pred_l_mondrian_width
0.30000000000000004,2059,0.014582916776930549,0.024185483838122978,Pred-L-Mondrian CP,pred_l_mondrian_width
0.35,2402,0.015042308155066611,0.025028269822368422,Pred-L-Mondrian CP,pred_l_mondrian_width
0.4,2745,0.01614146316766521,0.029479625872909178,Pred-L-Mondrian CP,pred_l_mondrian_width
0.45000000000000007,3088,0.017797390153160623,0.03733131537827898,Pred-L-Mondrian CP,pred_l_mondrian_width
0.5,3432,0.019915640030847902,0.04068571911129441,Pred-L-Mondrian CP,pred_l_mondrian_width
0.55,3775,0.02239211675755497,0.04484672823607159,Pred-L-Mondrian CP,pred_l_mondrian_width
0.6,4118,0.024966975262544922,0.050351201450977275,Pred-L-Mondrian CP,pred_l_mondrian_width
0.65,4461,0.026538731552871554,0.05251012512680281,Pred-L-Mondrian CP,pred_l_mondrian_width
0.7000000000000001,4804,0.028245820123199417,0.054608381467277325,Pred-L-Mondrian CP,pred_l_mondrian_width
0.75,5148,0.029406644646047007,0.05592015386121742,Pred-L-Mondrian CP,pred_l_mondrian_width
0.8,5491,0.031062686277499547,0.059450081475651645,Pred-L-Mondrian CP,pred_l_mondrian_width
0.85,5834,0.032043731667869384,0.061060099931657556,Pred-L-Mondrian CP,pred_l_mondrian_width
0.9,6177,0.032238794691654526,0.06114595422788104,Pred-L-Mondrian CP,pred_l_mondrian_width
0.9500000000000001,6520,0.033036144653121165,0.06268512329626492,Pred-L-Mondrian CP,pred_l_mondrian_width
1.0,6864,0.03395800975354749,0.06399190454009,Pred-L-Mondrian CP,pred_l_mondrian_width
0.1,686,0.013671587844518952,0.023350956967020706,Pred-L-Mondrian MC-Interval CP,pred_l_mondrian_mc_width
0.15000000000000002,1029,0.013090155481020408,0.021504437263387445,Pred-L-Mondrian MC-Interval CP,pred_l_mondrian_mc_width
0.2,1372,0.013218744901435863,0.02097211857207367,Pred-L-Mondrian MC-Interval CP,pred_l_mondrian_mc_width
0.25,1716,0.013871455045740095,0.022581389091973388,Pred-L-Mondrian MC-Interval CP,pred_l_mondrian_mc_width
0.30000000000000004,2059,0.01398965399054881,0.022780028311042887,Pred-L-Mondrian MC-Interval CP,pred_l_mondrian_mc_width
0.35,2402,0.014989924035892175,0.024959707001294493,Pred-L-Mondrian MC-Interval CP,pred_l_mondrian_mc_width
0.4,2745,0.015998677875096904,0.029183341826594822,Pred-L-Mondrian MC-Interval CP,pred_l_mondrian_mc_width
0.45000000000000007,3088,0.017679180097493526,0.03707829760753747,Pred-L-Mondrian MC-Interval CP,pred_l_mondrian_mc_width
0.5,3432,0.020048789383039046,0.04119730592809912,Pred-L-Mondrian MC-Interval CP,pred_l_mondrian_mc_width
0.55,3775,0.022340647543568213,0.044751093584940865,Pred-L-Mondrian MC-Interval CP,pred_l_mondrian_mc_width
0.6,4118,0.02385311200173628,0.04744440002677316,Pred-L-Mondrian MC-Interval CP,pred_l_mondrian_mc_width
0.65,4461,0.025253508609314055,0.0497197368934398,Pred-L-Mondrian MC-Interval CP,pred_l_mondrian_mc_width
0.7000000000000001,4804,0.026297198826987927,0.05055894284356148,Pred-L-Mondrian MC-Interval CP,pred_l_mondrian_mc_width
0.75,5148,0.027839882440510878,0.053248636732982024,Pred-L-Mondrian MC-Interval CP,pred_l_mondrian_mc_width
0.8,5491,0.029212656924831545,0.05584478496998216,Pred-L-Mondrian MC-Interval CP,pred_l_mondrian_mc_width
0.85,5834,0.030429229811904355,0.05751545977326337,Pred-L-Mondrian MC-Interval CP,pred_l_mondrian_mc_width
0.9,6177,0.03142894131979116,0.05920548105363422,Pred-L-Mondrian MC-Interval CP,pred_l_mondrian_mc_width
0.9500000000000001,6520,0.03204437088962423,0.060619022553198745,Pred-L-Mondrian MC-Interval CP,pred_l_mondrian_mc_width
1.0,6864,0.03395800975354749,0.06399190454009,Pred-L-Mondrian MC-Interval CP,pred_l_mondrian_mc_width
0.1,686,0.011213498679212829,0.017288022541961358,Pred-L-Mondrian Std-MC CP,pred_l_mondrian_std_mc_width
0.15000000000000002,1029,0.012818269251360544,0.021347988098394888,Pred-L-Mondrian Std-MC CP,pred_l_mondrian_std_mc_width
0.2,1372,0.014520911600840378,0.02704725746385895,Pred-L-Mondrian Std-MC CP,pred_l_mondrian_std_mc_width
0.25,1716,0.01523074370315909,0.02928323810998406,Pred-L-Mondrian Std-MC CP,pred_l_mondrian_std_mc_width
0.30000000000000004,2059,0.015680628321680913,0.02925329125816762,Pred-L-Mondrian Std-MC CP,pred_l_mondrian_std_mc_width
0.35,2402,0.01642557939173231,0.03565843807025055,Pred-L-Mondrian Std-MC CP,pred_l_mondrian_std_mc_width
0.4,2745,0.0167273476047796,0.035359080943166456,Pred-L-Mondrian Std-MC CP,pred_l_mondrian_std_mc_width
0.45000000000000007,3088,0.017908622144676166,0.03760979199139644,Pred-L-Mondrian Std-MC CP,pred_l_mondrian_std_mc_width
0.5,3432,0.019565416609629956,0.04053999062880215,Pred-L-Mondrian Std-MC CP,pred_l_mondrian_std_mc_width
0.55,3775,0.02129792063461987,0.04293789354188095,Pred-L-Mondrian Std-MC CP,pred_l_mondrian_std_mc_width
0.6,4118,0.02303060827193055,0.045175366687426825,Pred-L-Mondrian Std-MC CP,pred_l_mondrian_std_mc_width
0.65,4461,0.02450990097035418,0.04793321266846365,Pred-L-Mondrian Std-MC CP,pred_l_mondrian_std_mc_width
0.7000000000000001,4804,0.02569977672988135,0.049790157290020724,Pred-L-Mondrian Std-MC CP,pred_l_mondrian_std_mc_width
0.75,5148,0.02677050603359557,0.051235558239115825,Pred-L-Mondrian Std-MC CP,pred_l_mondrian_std_mc_width
0.8,5491,0.028558645821207432,0.054837458096534,Pred-L-Mondrian Std-MC CP,pred_l_mondrian_std_mc_width
0.85,5834,0.029632805474177237,0.05678087663555186,Pred-L-Mondrian Std-MC CP,pred_l_mondrian_std_mc_width
0.9,6177,0.030520115732661487,0.05746457183795765,Pred-L-Mondrian Std-MC CP,pred_l_mondrian_std_mc_width
0.9500000000000001,6520,0.03179270808226227,0.059866770344571094,Pred-L-Mondrian Std-MC CP,pred_l_mondrian_std_mc_width
1.0,6864,0.03395800975354749,0.06399190454009,Pred-L-Mondrian Std-MC CP,pred_l_mondrian_std_mc_width
