batch_size,num_workers,batches_completed,elapsed_seconds,samples_per_second,seconds_per_batch,gpu_peak_allocated_bytes,gpu_peak_reserved_bytes,oom,device,pretrained_used,NOT_FOR_RESEARCH_METRICS
8,0,100,26.156432100004167,30.585211199346737,0.2615643210000417,745766400,782237696,False,cuda:0,True,True
8,2,100,5.836305700002413,137.07301178546376,0.05836305700002413,750878208,792723456,False,cuda:0,True,True
8,4,100,6.381643999993685,125.3595468504341,0.06381643999993684,750878208,792723456,False,cuda:0,True,True
16,0,100,42.059081899999,38.04172434871999,0.42059081899999,1093418496,1249902592,False,cuda:0,True,True
16,2,100,11.800000299997919,135.5932168917218,0.11800000299997919,1100398080,1212153856,False,cuda:0,True,True
16,4,100,9.781984600005671,163.56599048408566,0.09781984600005672,1100398080,1212153856,False,cuda:0,True,True
32,0,100,87.1758273000014,36.70742336620129,0.871758273000014,1807801344,2176843776,False,cuda:0,True,True
32,2,100,24.911416299997654,128.4551613390324,0.24911416299997655,1814814208,2019557376,False,cuda:0,True,True
32,4,100,17.30343939999875,184.93433161040983,0.17303439399998752,1814814208,2019557376,False,cuda:0,True,True
